sentiment_label,trader_win_rate,trader_mean_pnl,trader_trades,btc_avg_daily_return,btc_up_day_rate,benchmark_days,win_rate_vs_btc_up_edge
Extreme Fear,0.7621564482029598,71.02731582644628,10406,0.016471524499724673,0.6428571428571429,14,0.1192993053458169
Fear,0.8728864734299517,112.62598770940687,29808,0.00036889933681154416,0.52,75,0.3528864734299517
Neutral,0.8238889806707418,71.19999314664905,18159,0.004754991189494879,0.5818181818181818,55,0.24207079885256
Greed,0.7689068954559898,85.40392727005879,25176,0.0020629766699764196,0.5029940119760479,167,0.2659128834799419
Extreme Greed,0.8916702632714717,130.20530910051312,20853,0.0006401153303462757,0.46296296296296297,108,0.42870730030850873
